-- phpMyAdmin SQL Dump
-- version 5.2.0
-- https://www.phpmyadmin.net/
--
-- Хост: 127.0.0.1:3306
-- Время создания: Июн 12 2024 г., 16:25
-- Версия сервера: 8.0.30
-- Версия PHP: 8.1.9

SET SQL_MODE = "NO_AUTO_VALUE_ON_ZERO";
START TRANSACTION;
SET time_zone = "+00:00";


/*!40101 SET @OLD_CHARACTER_SET_CLIENT=@@CHARACTER_SET_CLIENT */;
/*!40101 SET @OLD_CHARACTER_SET_RESULTS=@@CHARACTER_SET_RESULTS */;
/*!40101 SET @OLD_COLLATION_CONNECTION=@@COLLATION_CONNECTION */;
/*!40101 SET NAMES utf8mb4 */;

--
-- База данных: `gazeta`
--

-- --------------------------------------------------------

--
-- Структура таблицы `newspapers`
--

CREATE TABLE `newspapers` (
  `newspaper_id` bigint NOT NULL,
  `newspaper_date` date DEFAULT NULL,
  `newspaper_title` text,
  `newspapers_registered` timestamp NULL DEFAULT CURRENT_TIMESTAMP,
  `newspapers_author_id` bigint DEFAULT NULL
) ENGINE=InnoDB DEFAULT CHARSET=utf8mb4 COLLATE=utf8mb4_0900_ai_ci;

--
-- Дамп данных таблицы `newspapers`
--

INSERT INTO `newspapers` (`newspaper_id`, `newspaper_date`, `newspaper_title`, `newspapers_registered`, `newspapers_author_id`) VALUES
(1, '2024-06-12', 'Коммунизм туы', '2024-06-12 11:21:03', 1),
(2, '2024-06-12', 'Коммунизм туы', '2024-06-12 11:54:25', 2),
(3, '2024-06-29', 'Коммунизм туы', '2024-06-12 12:14:21', 1),
(4, '2024-06-13', 'Коммунист', '2024-06-12 13:04:07', 1);

-- --------------------------------------------------------

--
-- Структура таблицы `newspapers_content`
--

CREATE TABLE `newspapers_content` (
  `newspaper_content_id` bigint NOT NULL,
  `newspaper_content_img` varchar(180) DEFAULT NULL,
  `newspaper_id` bigint DEFAULT NULL
) ENGINE=InnoDB DEFAULT CHARSET=utf8mb4 COLLATE=utf8mb4_0900_ai_ci;

--
-- Дамп данных таблицы `newspapers_content`
--

INSERT INTO `newspapers_content` (`newspaper_content_id`, `newspaper_content_img`, `newspaper_id`) VALUES
(1, '666989824a2a49.77065594.jpg', 1),
(2, '66698c7f9e7f51.45064197.jpg', 2),
(3, '6669912b583aa7.66593257.jpg', 3),
(4, '66699ce5993847.43162791.jpg', 4);

-- --------------------------------------------------------

--
-- Структура таблицы `newspapers_content_data`
--

CREATE TABLE `newspapers_content_data` (
  `newspaper_content_data_id` bigint NOT NULL,
  `newspaper_content_data_text` text,
  `newspaper_id` bigint DEFAULT NULL
) ENGINE=InnoDB DEFAULT CHARSET=utf8mb4 COLLATE=utf8mb4_0900_ai_ci;

--
-- Дамп данных таблицы `newspapers_content_data`
--

INSERT INTO `newspapers_content_data` (`newspaper_content_data_id`, `newspaper_content_data_text`, `newspaper_id`) VALUES
(1, 'ХЕЛЬСИНКИ, 28 июнь. (ТАСС-тың арнайы тілшісі). Бүгін Бүкілдүниежүзілік Бейбітшілік Ассамблеясында ағылшын ғалымы Д. Н. Прист председательдік етті.Албанияның өкілі Медар Штюла Албанияның бейбіт құрылыс ісіндегі табыстары туралы айтты. Испан суретшісі Руис Пейнад АҚШ пен Испания арасында қол қойылған соғыс шартын сынады және бейбіт қатар өмір сүрудің бес принципін қолдады. Спор (Голландия) халықтар арасындағы қатынастарда болып отырған шиеленісті бәсеңдетуге Ассамблея көмектесетін болсын деген тілегін айтты. Алжирдің өкілі Буменджель-Али өзінің сөзін туған отанындағы жағдайға арнады. Пьер Кот (Франция) Еуропада ұжымдық қауіпсіздік жүйесін құру мәселесіне тоқталды. Бұдан кейін сөз СССР Жоғарғы Советі Ұлттар Советінің Председателі Лациске берілді. Ол өзінің сөзінде Совет Одағы халықтарының туысқандық достығы мен бірлігі туралы мәселені баяндады, сонымен қатар халықтардың ұлттық тәуелсіздігі туралы айтты.', 1),
(2, 'Мәжіліс одан әрі өтуде.ХЕЛЬСИНКИ, 29 июнь. (ТАСС). Бұдан бұрын хабар етілгеніндей, кеше күндізгі мәжілісте Франция Ұлттық жиналысының депутаты Пьер Кот сөз сөйледі.Бұдан кейін сөз сөйлеген СССР Жоғарғы Советі Ұлттар Советінің Председателі В. Лацис Бүкілдүниежүзілік Бейбітшілік Советіне сүйіспеншілікпен қабылдағаны үшін шын жүректен алғыс айтамын деді.', 2),
(3, 'Мен, деді Лацис бұдан кейін, дүние жүзінің көптеген елдері мен халықтары өкілдерінің сөздерін, саяси ағымдары, дүниеге көзқарастары, философиялық және діни сенімдері ең алуан түрлі өкілдердің сөздерін зор ықыласпен, сүйсініп тыңдадым. Бірақ қандай адам шығып сөйлесе де, олардың сөздерінде адамзаттың бүгінгісі мен болашағына жасалып отырған қамқорлық, бүкіл дүние жүзінде бейбітшілікті сақтауға және соғыстың басталуына жол бермеуге ұмтылған бірауызды талап естілді, атом және сутегі қаруын қолдануды әзірлеу әрекеттерін кекті ызамен айыптаған үндер естілді.\r\n', 1),
(4, 'Халықтар арасындағы бейбітшілік пен достық туралы бұған дейін шығып сөйлеген шешендер тамаша және күшті айтып өтті. Міне, бұл менің осы жерде бейбітшіліктің міндетті, бөлуге болмайтын, мызғымайтын және бұлжымайтын шарттарының біріне ғана-біздің планетамыздағы барлық халықтардың, үлкенді-кішілі, ежелден келе жатқан және әлі есеймеген халықтардың, алдыңғы қатарлы халықтардың және мәдениеті мен экономикасының ғасырлар бойы артта қалуын әлі жоя алмай отырған халықтардың ұлттық тәуелсіздігі проблемасына қысқаша тоқтап өтуіме құқық береді.\r\n', 3),
(5, 'Бейбітшілік жолындағы ұлы күрескер, халықтар достығының даңқты идеологі Ленин бастаған Совет үкіметі 1917 жылдың өзінде-ақ дәл осы тәуелсіздікті өзінің сыртқы және ішкі саясатының аса маңызды принципі деп жариялаған болатын.\r\nБарлық басқа советтік республикалармен бірге советтік Прибалтиканың республикалары да — 1940 жылы Совет Одағына өз еркімен келіп қосылған Латвия, Литва, Эстония республикалары да осы тәуелсіздікпен пайдаланып отыр.\r\n', 3),
(6, 'Ассамблеяның жүмысы аяқталуға жақын калып отырганына қарамастан, жарыссөзде сөйлеуге жазылғандардың тізімдерінде өздерініц көзкарасын баяндап бергісі келетін бейбітшілік жолындағы қозғалыстың әлі де көптеген қайраткерлері бар. Уакыттың жеткіліксіз болуы себепті кейбір шешендер сөз сэйлеп үлгере алмайды, сондыңтан олардыц сездері Ассамблеяның бюллетеньдеріңде жарияланатын болады.\r\n', 4),
(7, 'Кешкі мәжлісте Болгария Халық жиыналысының президиумы председателінің орынбасары Кирил Клисурский бірінші болып сөйледі. Ассамблеяның делегаттарын құттықтап ол болгар халқының мейлінше бейбітшіл екенін атап көрсетті. Болгарияның көршілес елдердің территориясында жүргізіліп жатқан соғыс шаралары, деді ол Болгарияда тынышсыздық туындыруда. Біздің көршілеріміз — Түркия мен Греция, деді ол, соғыс тіректеріне айналдыруда.', 4),
(8, 'Клисурский сөзінің қорытындысына деді: болгар халқы бейбітшілікті сақтауға және жаңа соғысқа жол бермеуге бағытталған куш-жігерді бір-ауыздан қолдайды.\r\n', 4),
(9, 'Демократияшыл жастардың Бүкіл дүниежүзілік федерациясының бас секретары Жак Дени былай деп мәлімдеді: барлың елдердегі жасғар бейбітшілік жолындағы күреске мейінше кеңінен қатысуда. Қару-жараңқты азайту, атом қаруына тыйым салу туралы және халықаралық бағылау қою туралы ұсыныстар жастар арасында қызу қосталуда.\r\n', 4),
(10, 'Митрополит Нифон Саба (Либан) өзінің сөзінде империалисттердің Таяу Шығыста араб елдерінің хауіпсіздігіне қатер төндіріп отырғанына және бұл елдердің халықтары өздерінің суверенитеті мен тәуелсіздігі үшін күресіп жатқанына нығар аударды.', 1);

--
-- Индексы сохранённых таблиц
--

--
-- Индексы таблицы `newspapers`
--
ALTER TABLE `newspapers`
  ADD PRIMARY KEY (`newspaper_id`);

--
-- Индексы таблицы `newspapers_content`
--
ALTER TABLE `newspapers_content`
  ADD PRIMARY KEY (`newspaper_content_id`);

--
-- Индексы таблицы `newspapers_content_data`
--
ALTER TABLE `newspapers_content_data`
  ADD PRIMARY KEY (`newspaper_content_data_id`);

--
-- AUTO_INCREMENT для сохранённых таблиц
--

--
-- AUTO_INCREMENT для таблицы `newspapers`
--
ALTER TABLE `newspapers`
  MODIFY `newspaper_id` bigint NOT NULL AUTO_INCREMENT, AUTO_INCREMENT=5;

--
-- AUTO_INCREMENT для таблицы `newspapers_content`
--
ALTER TABLE `newspapers_content`
  MODIFY `newspaper_content_id` bigint NOT NULL AUTO_INCREMENT, AUTO_INCREMENT=5;

--
-- AUTO_INCREMENT для таблицы `newspapers_content_data`
--
ALTER TABLE `newspapers_content_data`
  MODIFY `newspaper_content_data_id` bigint NOT NULL AUTO_INCREMENT, AUTO_INCREMENT=11;
COMMIT;

/*!40101 SET CHARACTER_SET_CLIENT=@OLD_CHARACTER_SET_CLIENT */;
/*!40101 SET CHARACTER_SET_RESULTS=@OLD_CHARACTER_SET_RESULTS */;
/*!40101 SET COLLATION_CONNECTION=@OLD_COLLATION_CONNECTION */;
